Task ID,Task Title,Action,Changed Fields,Detailed Changes,User,Date
"283","task 8","task_updated","Status","Status: pending → completed","System","Feb 7, 2026, 11:51 AM"
"335","Biswajit 11","task_updated","Favorite","Favorite: Yes → No","System","Feb 7, 2026, 11:44 AM"
"335","Biswajit 11","task_updated","Favorite","Favorite: No → Yes","System","Feb 7, 2026, 11:43 AM"
"341","Srutiranjan","task_updated","Favorite","Favorite: Yes → No","System","Feb 7, 2026, 11:42 AM"
"341","Srutiranjan","task_updated","Favorite","Favorite: No → Yes","System","Feb 7, 2026, 11:41 AM"
"335","Biswajit 11","task_updated","Favorite","Favorite: Yes → No","System","Feb 7, 2026, 11:41 AM"
"335","Biswajit 11","task_updated","Favorite","Favorite: No → Yes","System","Feb 7, 2026, 11:41 AM"
"341","Srutiranjan","task_updated","Favorite","Favorite: Yes → No","System","Feb 7, 2026, 11:39 AM"
"341","Srutiranjan","task_updated","Favorite","Favorite: No → Yes","System","Feb 7, 2026, 11:39 AM"
"344","Biswajit 1","task_created","No changes","No changes","Biswajit Pattanayak","Feb 6, 2026, 12:05 PM"